id,name,artist,album,release_date,duration_ms,popularity,track_id,danceability,energy,key,loudness,mode,speechiness,acousticness,instrumentalness,liveness,valence,tempo,time_signature,cluster_label
33bURv895AN4FkBvgFo2dx,Woman,Harry Styles,Harry Styles,2017-05-12,278800,62,33bURv895AN4FkBvgFo2dx,0.624,0.647,3,-4.68,0,0.0335,0.0169,0.0038,0.221,0.379,136.022,4,1
33SNO8AaciGbNaQFkxvPrW,Kiwi,Harry Styles,Harry Styles,2017-05-12,176386,68,33SNO8AaciGbNaQFkxvPrW,0.375,0.93,2,-2.631,1,0.0561,0.00064,0.0,0.318,0.491,147.124,4,3
5Lbsc65org0b85kNsPkluY,Only Angel,Harry Styles,Harry Styles,2017-05-12,291080,62,5Lbsc65org0b85kNsPkluY,0.554,0.842,5,-4.113,1,0.0397,0.287,0.0,0.106,0.348,114.036,4,3
6VzcQuzTNTMFnJ6rBSaLH9,Fine Line,Harry Styles,Fine Line,2019-12-13,377960,76,6VzcQuzTNTMFnJ6rBSaLH9,0.306,0.347,2,-8.5,1,0.0334,0.172,0.00013,0.0485,0.0511,120.996,4,2
1ZMiCix7XSAbfAJlEZWMCp,Falling,Harry Styles,Fine Line,2019-12-13,240133,79,1ZMiCix7XSAbfAJlEZWMCp,0.567,0.267,4,-6.502,1,0.0299,0.839,1.46e-06,0.089,0.0592,110.011,4,2
1qEmFfgcLObUfQm0j1W2CK,Late Night Talking,Harry Styles,Harry's House,2022-05-20,177954,77,1qEmFfgcLObUfQm0j1W2CK,0.714,0.728,10,-4.595,1,0.0468,0.298,0.0,0.106,0.901,114.996,4,3
5LYMamLv12UPbemOaTPyeV,Music For a Sushi Restaurant,Harry Styles,Harry's House,2022-05-20,193813,69,5LYMamLv12UPbemOaTPyeV,0.72,0.715,11,-4.652,1,0.04,0.258,0.0568,0.107,0.357,107.041,4,3
6qj02zSeEJGWZ4c0dn5QzJ,Boyfriends,Harry Styles,Harry's House,2022-05-20,194543,63,6qj02zSeEJGWZ4c0dn5QzJ,0.417,0.202,0,-10.976,1,0.0357,0.935,0.0,0.108,0.323,118.029,4,0
7uzmGiiJyRfuViKKK3lVmR,Mine,Bazzi,COSMIC,2018-04-12,131064,71,7uzmGiiJyRfuViKKK3lVmR,0.71,0.789,4,-3.874,1,0.0722,0.0161,2.77e-06,0.451,0.717,142.929,4,3
5TVirkSwFEXF1nLJEebe2I,Beautiful,Bazzi,COSMIC,2018-04-12,178242,62,5TVirkSwFEXF1nLJEebe2I,0.666,0.677,2,-5.743,1,0.0326,0.214,0.0,0.0979,0.178,100.014,4,3
2JuIs3XJlYPy8vBO66CEkJ,Star,Bazzi,COSMIC,2018-04-12,169872,50,2JuIs3XJlYPy8vBO66CEkJ,0.694,0.389,8,-5.41,1,0.0706,0.3,0.0,0.158,0.409,90.984,4,3
6pmZMP2ET1OJi5rKfLO8jD,3:15,Bazzi,COSMIC,2018-04-12,167018,61,6pmZMP2ET1OJi5rKfLO8jD,0.651,0.654,1,-5.481,1,0.0466,0.385,0.0,0.181,0.539,141.975,4,3
6LVsIWAAQwGjHMv7SOQjnY,BRB,Bazzi,COSMIC,2018-04-12,160581,42,6LVsIWAAQwGjHMv7SOQjnY,0.66,0.616,9,-4.753,1,0.0333,0.523,0.0,0.391,0.536,138.942,4,3
6l0knFRwTeQgJ2yHHqwKmt,Cold,Boy In Space,Cold,2019-08-08,203538,52,6l0knFRwTeQgJ2yHHqwKmt,0.711,0.412,9,-6.827,1,0.0445,0.184,0.0,0.0546,0.186,130.013,4,3
3PRqiN41BIPkeai16CWjqy,7UP,Boy In Space,7UP,2019-05-30,203554,48,3PRqiN41BIPkeai16CWjqy,0.618,0.47,0,-7.379,1,0.0271,0.0169,0.0,0.111,0.228,135.034,4,3
4dORWJfLHYnXkB5PeR4s5b,For Now,Lauv,~how i'm feeling~,2020-03-06,189240,44,4dORWJfLHYnXkB5PeR4s5b,0.532,0.227,7,-12.184,1,0.0416,0.776,7.56e-06,0.086,0.107,83.57,4,0
2MOoIbJWIYikwIXjBDe26i,Paris in the Rain,Lauv,I met you when I was 18. (the playlist),2018-05-31,204712,68,2MOoIbJWIYikwIXjBDe26i,0.406,0.408,3,-9.419,1,0.053,0.771,7.88e-06,0.394,0.525,79.705,4,0
3aUD2nXnCYiGd9V1UhfyRz,Stranger,Lauv,All 4 Nothing,2022-08-05,164688,52,3aUD2nXnCYiGd9V1UhfyRz,0.65,0.538,5,-7.511,1,0.0464,0.128,4.95e-06,0.127,0.501,153.179,4,3
0nRuVPZx2iA3KWR4xSzryl,TALK ME DOWN,Troye Sivan,Blue Neighbourhood (Deluxe),2015-12-04,237464,45,0nRuVPZx2iA3KWR4xSzryl,0.363,0.781,6,-6.804,1,0.0739,0.148,0.000222,0.125,0.342,173.696,4,3
2m6Ko3CY1qXNNja8AlugNc,Angel Baby,Troye Sivan,Angel Baby,2021-09-09,220779,71,2m6Ko3CY1qXNNja8AlugNc,0.559,0.559,11,-6.425,1,0.0358,0.0145,0.0,0.138,0.338,72.498,4,3
3S8jK1mGzQi24ilFb45DAZ,Lonely (with benny blanco),Justin Bieber,Justice,2021-03-19,149189,73,3S8jK1mGzQi24ilFb45DAZ,0.619,0.241,11,-7.102,0,0.046,0.9,0.0,0.116,0.0719,79.461,4,0
0nJW01T7XtvILxQgC5J7Wh,When I Was Your Man,Bruno Mars,Unorthodox Jukebox,2012-12-07,213826,88,0nJW01T7XtvILxQgC5J7Wh,0.612,0.28,0,-8.648,1,0.0434,0.932,0.0,0.088,0.387,72.795,4,0
3w3y8KPTfNeOKPiqUTakBh,Locked out of Heaven,Bruno Mars,Unorthodox Jukebox,2012-12-07,233478,87,3w3y8KPTfNeOKPiqUTakBh,0.726,0.698,5,-4.165,1,0.0431,0.049,0.0,0.309,0.867,143.994,4,3
161DnLWsx1i3u1JT05lzqU,Talking to the Moon,Bruno Mars,Doo-Wops & Hooligans,2010-05-11,217866,83,161DnLWsx1i3u1JT05lzqU,0.498,0.59,1,-4.721,0,0.032,0.511,0.0,0.107,0.0784,145.867,4,2
7BqBn9nzAq8spo5e7cZ0dJ,Just the Way You Are,Bruno Mars,Doo-Wops & Hooligans,2010-05-11,220734,84,7BqBn9nzAq8spo5e7cZ0dJ,0.635,0.841,5,-5.379,1,0.0422,0.0134,0.0,0.0622,0.424,109.021,4,3
22PMfvdz35fFKYnJyMn077,Marry You,Bruno Mars,Doo-Wops & Hooligans,2010-05-11,230192,74,22PMfvdz35fFKYnJyMn077,0.621,0.82,10,-4.865,1,0.0367,0.332,0.0,0.104,0.452,144.905,4,3
55h7vJchibLdUkxdlX3fK7,Treasure,Bruno Mars,Unorthodox Jukebox,2012-12-07,178560,80,55h7vJchibLdUkxdlX3fK7,0.874,0.692,5,-5.28,0,0.0431,0.0412,7.24e-05,0.324,0.937,116.017,4,1
3G5iN5QBqMeXx3uZPy8tgB,Young Girls,Bruno Mars,Unorthodox Jukebox,2012-12-07,228720,66,3G5iN5QBqMeXx3uZPy8tgB,0.561,0.749,6,-4.951,0,0.032,0.461,1.82e-06,0.205,0.501,125.986,4,1
0B0tYbVp7pDQAqKDhgMeaL,Too Good to Say Goodbye,Bruno Mars,24K Magic,2016-11-17,281826,69,0B0tYbVp7pDQAqKDhgMeaL,0.587,0.63,2,-6.054,1,0.0311,0.0389,0.0,0.35,0.433,76.97,4,3
0kN8xEmgMW9mh7UmDYHlJP,Versace on the Floor,Bruno Mars,24K Magic,2016-11-17,261240,79,0kN8xEmgMW9mh7UmDYHlJP,0.578,0.574,2,-6.209,1,0.0454,0.196,0.0,0.083,0.301,174.152,4,3
0mBKv9DkYfQHjdMcw2jdyI,Chunky,Bruno Mars,24K Magic,2016-11-17,186973,69,0mBKv9DkYfQHjdMcw2jdyI,0.571,0.539,5,-4.446,0,0.116,0.0208,0.0,0.125,0.727,202.103,4,1
1I6pKIyaBp4OebTGLJpCCC,Perm,Bruno Mars,24K Magic,2016-11-17,210053,64,1I6pKIyaBp4OebTGLJpCCC,0.853,0.871,8,-3.715,1,0.0851,0.0145,6.84e-05,0.198,0.863,124.021,4,3
5MMLS3xm12D7N26xlfFApr,Runaway Baby,Bruno Mars,Doo-Wops & Hooligans,2010-05-11,148448,70,5MMLS3xm12D7N26xlfFApr,0.658,0.762,10,-3.028,0,0.0425,0.263,0.0,0.127,0.823,163.864,4,1
0RUGuh2uSNFJpGMSsD1F5C,It Will Rain,Bruno Mars,The Twilight Saga: Breaking Dawn - Part 1 (Original Motion Picture Soundtrack),2011-11-04,257720,71,0RUGuh2uSNFJpGMSsD1F5C,0.576,0.835,2,-6.826,1,0.0486,0.337,0.0,0.082,0.476,150.017,4,3
32OlwWuMpZ6b0aN2RZOeMS,Uptown Funk (feat. Bruno Mars),Mark Ronson,Uptown Special,2015-01-12,269666,82,32OlwWuMpZ6b0aN2RZOeMS,0.856,0.609,0,-7.223,1,0.0824,0.00801,8.15e-05,0.0344,0.928,114.988,4,3
2K6vUau7bnZUamjbRSOOvJ,777,Bruno Mars,An Evening With Silk Sonic,2021-11-12,165000,59,2K6vUau7bnZUamjbRSOOvJ,0.836,0.622,1,-11.003,1,0.0946,0.00269,0.000566,0.335,0.892,102.015,4,3
4AwJSk491AvHk2AAJReGzZ,Let Me Go,Daniel Caesar,Let Me Go,2023-02-10,216524,54,4AwJSk491AvHk2AAJReGzZ,0.591,0.473,7,-8.122,0,0.0708,0.694,0.00334,0.108,0.451,152.88,4,1
1RMJOxR6GRPsBHL8qeC2ux,Best Part (feat. H.E.R.),Daniel Caesar,Freudian,2017-08-25,209831,85,1RMJOxR6GRPsBHL8qeC2ux,0.524,0.364,7,-10.209,1,0.0367,0.808,0.0,0.1,0.436,75.24,4,0
7MXVkk9YMctZqd1Srtv4MB,Starboy,The Weeknd,Starboy,2016-11-25,230453,88,7MXVkk9YMctZqd1Srtv4MB,0.679,0.587,7,-7.015,1,0.276,0.141,6.35e-06,0.137,0.486,186.003,4,1
6CcJMwBtXByIz4zQLzFkKc,i love you,Billie Eilish,"WHEN WE ALL FALL ASLEEP, WHERE DO WE GO?",2019-03-29,291796,79,6CcJMwBtXByIz4zQLzFkKc,0.421,0.131,0,-18.435,1,0.0382,0.952,0.00453,0.109,0.12,137.446,4,2
042Sl6Mn83JHyLEqdK7uI0,Your Power,Billie Eilish,Happier Than Ever,2021-07-30,245896,72,042Sl6Mn83JHyLEqdK7uI0,0.632,0.284,9,-14.025,0,0.0801,0.932,0.000476,0.233,0.208,129.642,4,2
77u89jbqM9WGbLzveay3rq,A Goose's Dream,인순이,A Goose's Dream,2007-01-29,342125,21,77u89jbqM9WGbLzveay3rq,0.447,0.47,4,-5.549,1,0.0268,0.52,0.0,0.0984,0.085,136.034,4,2
5wANPM4fQCJwkGd4rN57mH,drivers license,Olivia Rodrigo,SOUR,2021-05-21,242013,83,5wANPM4fQCJwkGd4rN57mH,0.561,0.431,10,-8.81,1,0.0578,0.768,1.42e-05,0.106,0.137,143.875,4,2
5CZ40GBx1sQ9agT82CLQCT,traitor,Olivia Rodrigo,SOUR,2021-05-21,229226,84,5CZ40GBx1sQ9agT82CLQCT,0.38,0.339,3,-7.885,1,0.0338,0.691,0.0,0.12,0.0849,100.607,4,0
5JCoSi02qi3jJeHdZXMmR8,favorite crime,Olivia Rodrigo,SOUR,2021-05-21,152666,82,5JCoSi02qi3jJeHdZXMmR8,0.369,0.272,9,-10.497,1,0.0364,0.866,0.0,0.147,0.218,172.929,4,2
2tGvwE8GcFKwNdAXMnlbfl,happier,Olivia Rodrigo,SOUR,2021-05-21,175933,82,2tGvwE8GcFKwNdAXMnlbfl,0.395,0.443,6,-9.72,1,0.133,0.765,9.67e-06,0.0839,0.338,168.924,3,2
3UoULw70kMsiVXxW0L3A33,pov,Ariana Grande,Positions,2020-10-30,201882,71,3UoULw70kMsiVXxW0L3A33,0.487,0.534,0,-5.664,0,0.0555,0.36,0.0,0.1,0.173,131.798,4,1
2afCBiru10AFckfOa49wIa,You & I,One Direction,Midnight Memories (Deluxe),2013-11-25,237933,74,2afCBiru10AFckfOa49wIa,0.574,0.329,1,-6.829,1,0.0274,0.22,0.0,0.0986,0.356,130.993,4,3
1dQQ2QlnvXUehsRUrukKmf,Right Now,One Direction,Midnight Memories (Deluxe),2013-11-25,200400,75,1dQQ2QlnvXUehsRUrukKmf,0.645,0.78,8,-5.165,1,0.0319,0.218,0.0,0.0919,0.372,120.008,4,3
23eQyAz9tzvrKsG0kAnrja,Change My Mind,One Direction,Take Me Home (Expanded Edition),2012-11-12,212893,54,23eQyAz9tzvrKsG0kAnrja,0.599,0.595,2,-5.316,1,0.0281,0.0634,0.0,0.103,0.474,117.031,4,3
3lnjFENd7rHxPYM9b964Md,"C'mon, C'mon",One Direction,Take Me Home (Expanded Edition),2012-11-12,164680,58,3lnjFENd7rHxPYM9b964Md,0.638,0.942,5,-4.163,0,0.0857,0.015,0.0,0.31,0.745,142.896,4,1
3jJ5NJ3aNWvV70Rd7hgZIH,Gotta Be You,One Direction,Up All Night,2012-05-25,244506,60,3jJ5NJ3aNWvV70Rd7hgZIH,0.495,0.583,8,-4.531,1,0.0249,0.374,0.0,0.0781,0.603,84.969,4,3
2Bs4jQEGMycglOfWPBqrVG,Steal My Girl,One Direction,FOUR (Deluxe),2014-11-17,228133,78,2Bs4jQEGMycglOfWPBqrVG,0.536,0.768,10,-5.948,0,0.0347,0.00433,0.0,0.114,0.545,77.217,4,1
5T7ZFtCcOgkpjxcuaeZbw0,Best Song Ever,One Direction,Midnight Memories (Deluxe),2013-11-25,200106,74,5T7ZFtCcOgkpjxcuaeZbw0,0.652,0.877,1,-2.986,1,0.0465,0.0227,0.0,0.0789,0.486,118.491,4,3
5O2P9iiztwhomNh8xkR9lJ,Night Changes,One Direction,FOUR (Deluxe),2014-11-17,226600,86,5O2P9iiztwhomNh8xkR9lJ,0.672,0.52,8,-7.747,1,0.0353,0.859,0.0,0.115,0.37,120.001,4,2
6nIE1oCE4udqMGv3bqVNVb,Half a Heart,One Direction,Midnight Memories (Deluxe),2013-11-25,188546,59,6nIE1oCE4udqMGv3bqVNVb,0.515,0.714,0,-4.516,1,0.0348,0.286,0.0,0.118,0.495,155.954,4,3
1hZk9dktp4yRFTm0TrycuH,If I Lose Myself - Alesso vs OneRepublic,OneRepublic,Native,2014-01-01,214813,59,1hZk9dktp4yRFTm0TrycuH,0.522,0.782,2,-4.846,1,0.0412,0.216,1.08e-05,0.133,0.169,125.994,4,3
32HwMdkZuUmHg9uznhs9xM,Loved You First,One Direction,Take Me Home (Expanded Edition),2012-11-12,184306,54,32HwMdkZuUmHg9uznhs9xM,0.697,0.894,2,-4.891,1,0.0599,0.0543,0.0,0.631,0.795,124.016,4,3
4SRYGZsbHrmH7E9xMVz4Wm,Nobody Compares,One Direction,Take Me Home (Expanded Edition),2012-11-12,211626,56,4SRYGZsbHrmH7E9xMVz4Wm,0.658,0.801,11,-4.124,1,0.0334,0.00727,0.0,0.0448,0.879,124.008,4,3
1NhPKVLsHhFUHIOZ32QnS2,Secrets,OneRepublic,Waking Up,2009-01-01,224693,74,1NhPKVLsHhFUHIOZ32QnS2,0.516,0.764,2,-6.223,1,0.0366,0.0717,0.0,0.115,0.376,148.021,4,3
7D49Iig0avHre9RFSUMkd2,I Lived,OneRepublic,Native,2014-01-01,234546,60,7D49Iig0avHre9RFSUMkd2,0.598,0.854,9,-5.429,1,0.0436,0.0746,0.0,0.278,0.311,119.976,4,3
0c3yfC8zMRJGvmqphczhZb,Nothing,The Script,Science & Faith,2011-01-18,272213,51,0c3yfC8zMRJGvmqphczhZb,0.473,0.833,2,-5.013,1,0.039,0.00369,0.0,0.118,0.503,157.012,4,3
3nqqDo8CcCLke3ZoTgiOKf,The Man Who Can't Be Moved,The Script,The Script,2008-07-14,241373,81,3nqqDo8CcCLke3ZoTgiOKf,0.605,0.629,10,-5.051,1,0.0279,0.437,0.0,0.097,0.308,99.894,4,3
285hMzLhJwHVLe9QT9qilk,Breakeven,The Script,The Script,2008-07-14,261426,78,285hMzLhJwHVLe9QT9qilk,0.63,0.696,10,-4.501,1,0.0242,0.144,0.0,0.0835,0.491,94.034,4,3
4IACOiO4fczuCkYFdYxDGu,Six Degrees of Separation,The Script,#3,2012-09-10,232253,40,4IACOiO4fczuCkYFdYxDGu,0.517,0.828,4,-4.223,1,0.0493,0.156,0.0,0.901,0.516,147.956,4,3
7HZKksFR5Qsr4XPHAkub32,Millionaires,The Script,#3,2012-09-10,189466,29,7HZKksFR5Qsr4XPHAkub32,0.402,0.791,11,-3.804,1,0.0434,0.169,0.0,0.167,0.493,186.06,4,3
1gXBi2I04CLJkTQnhNfEJT,Weight in Gold,Gallant,Ology,2016-04-06,203813,46,1gXBi2I04CLJkTQnhNfEJT,0.38,0.438,5,-5.526,0,0.0962,0.0259,1.29e-05,0.154,0.349,179.404,3,1
1yf97yL1ll8FYXC27c9VTw,Trees,Twenty One Pilots,Vessel,2013-01-08,267386,60,1yf97yL1ll8FYXC27c9VTw,0.584,0.833,6,-5.9,1,0.041,0.00359,3.44e-05,0.169,0.324,140.013,4,3
4RVwu0g32PAqgUiJoXsdF8,Happier Than Ever,Billie Eilish,Happier Than Ever,2021-07-30,298899,82,4RVwu0g32PAqgUiJoXsdF8,0.332,0.225,0,-8.697,1,0.0348,0.767,0.00349,0.128,0.297,81.055,3,0
43zdsphuZLzwA9k4DJhU0I,when the party's over,Billie Eilish,"WHEN WE ALL FALL ASLEEP, WHERE DO WE GO?",2019-03-29,196077,83,43zdsphuZLzwA9k4DJhU0I,0.367,0.111,4,-14.084,1,0.0972,0.978,3.97e-05,0.0897,0.198,82.642,4,0
73SpzrcaHk0RQPFP73vqVR,No Time To Die,Billie Eilish,No Time To Die,2020-02-13,242265,74,73SpzrcaHk0RQPFP73vqVR,0.344,0.22,4,-13.218,0,0.0365,0.917,0.0107,0.0827,0.0522,70.895,4,0
6v3KW9xbzN5yKLt9YKDYA2,Señorita,Shawn Mendes,Shawn Mendes (Deluxe),2019-06-19,190799,79,6v3KW9xbzN5yKLt9YKDYA2,0.759,0.548,9,-6.049,0,0.0289,0.0379,0.0,0.0828,0.75,116.963,4,1
138oQeapLds5IeJrdRfeUd,Intro,Shawn Mendes,Wonder,2020-12-04,62422,43,138oQeapLds5IeJrdRfeUd,0.498,0.199,7,-11.011,1,0.0353,0.933,0.000573,0.493,0.47,76.046,4,0
5ld8E3DVBXCCWQ54yrkWVp,305,Shawn Mendes,Wonder,2020-12-04,189072,54,5ld8E3DVBXCCWQ54yrkWVp,0.562,0.869,6,-5.38,1,0.058,0.205,0.0293,0.122,0.928,164.936,4,3
6ZuahEctZD6w75peme58hm,Wonder,Shawn Mendes,Wonder,2020-12-04,172692,68,6ZuahEctZD6w75peme58hm,0.442,0.631,1,-5.096,0,0.05,0.136,2.29e-05,0.133,0.129,139.774,4,1
5Ohxk2dO5COHF1krpoPigN,Sign of the Times,Harry Styles,Harry Styles,2017-05-12,340706,80,5Ohxk2dO5COHF1krpoPigN,0.516,0.595,5,-4.63,1,0.0313,0.0275,0.0,0.109,0.222,119.972,4,3
3AMQKTsIR0ukMOXvPkwaKz,Set Me Free,Joshua Bassett,Crisis / Secret / Set Me Free,2021-12-03,242733,50,3AMQKTsIR0ukMOXvPkwaKz,0.449,0.39,2,-8.263,1,0.0363,0.256,0.0,0.147,0.123,130.11,4,2
61SwOvGpjoANrBOVgBZvMi,SHE SAID HE SAID SHE SAID,Joshua Bassett,SHE SAID HE SAID SHE SAID,2022-10-13,157325,44,61SwOvGpjoANrBOVgBZvMi,0.668,0.678,11,-7.655,0,0.0425,0.228,0.0,0.591,0.587,104.971,4,1
77Gfhrr1Uh9Pv57MUUmVuY,Secret,Joshua Bassett,Crisis / Secret / Set Me Free,2021-12-03,192413,50,77Gfhrr1Uh9Pv57MUUmVuY,0.611,0.816,2,-5.559,1,0.0592,0.0292,0.0,0.0825,0.589,144.992,4,3
0JU7KoyKSFgY1zJV2ex6Ee,Feel Something,Joshua Bassett,Feel Something,2021-05-07,163866,44,0JU7KoyKSFgY1zJV2ex6Ee,0.52,0.901,0,-5.448,1,0.407,0.331,0.0,0.175,0.509,199.84,4,1
5qELFdy1PLLinCg5462HES,Finally Free,Joshua Bassett,"High School Musical: The Musical: The Series Season 3 (Episode 1) [From ""High School Musical: The Musical: The Series (Season 3)""]",2022-07-27,197972,42,5qELFdy1PLLinCg5462HES,0.434,0.713,11,-6.44,1,0.0361,0.168,0.0,0.101,0.376,171.797,4,3
1mEM6KkVMwpuAuqusCMD6m,Crisis,Joshua Bassett,Crisis / Secret / Set Me Free,2021-12-03,189093,45,1mEM6KkVMwpuAuqusCMD6m,0.593,0.514,2,-6.618,1,0.0467,0.184,0.0,0.183,0.461,133.68,4,3
3rrv1sQftMszpL7vxLSvX2,Berenstein,The Band CAMINO,Berenstein,2017-12-15,276685,43,3rrv1sQftMszpL7vxLSvX2,0.418,0.72,4,-5.934,1,0.0338,0.0133,0.000108,0.213,0.219,134.945,4,3
48f7LOHWir3VQoO06yoc95,Song About You,The Band CAMINO,The Band CAMINO,2021-09-10,158948,48,48f7LOHWir3VQoO06yoc95,0.617,0.801,8,-5.766,1,0.0336,0.0254,2.07e-06,0.105,0.426,119.003,4,3
7baT4xndV4HMR4fwOdl8vw,Imposter,Grant Ganzer,Imposter,2022-08-12,121463,26,7baT4xndV4HMR4fwOdl8vw,0.58,0.534,4,-7.181,0,0.237,0.227,0.0,0.201,0.69,81.415,4,1
5Ir3dOzPQ9Q30dC45J6QzH,save your breath,JVKE,this is what ____ feels like (Vol. 1-4),2022-09-23,165964,48,5Ir3dOzPQ9Q30dC45J6QzH,0.483,0.491,2,-5.389,1,0.0694,0.695,0.000555,0.128,0.4,111.956,4,0
5odlY52u43F5BjByhxg7wg,golden hour,JVKE,this is what ____ feels like (Vol. 1-4),2022-09-23,209259,77,5odlY52u43F5BjByhxg7wg,0.515,0.593,4,-4.801,1,0.0322,0.653,0.162,0.25,0.153,94.467,3,0
5iscL6Ehw0Ch3B5Rs0KDP1,Clouds,Before You Exit,Clouds,2016-12-14,271846,47,5iscL6Ehw0Ch3B5Rs0KDP1,0.391,0.175,6,-13.881,1,0.0353,0.922,2.47e-06,0.0896,0.259,78.805,3,0
1p80LdxRV74UKvL8gnD7ky,Blank Space,Taylor Swift,1989,2014-10-27,231826,69,1p80LdxRV74UKvL8gnD7ky,0.753,0.678,5,-5.421,1,0.0644,0.085,1.64e-06,0.13,0.583,96.006,4,3
1dGr1c8CrMLDpV6mPbImSI,Lover,Taylor Swift,Lover,2019-08-23,221306,85,1dGr1c8CrMLDpV6mPbImSI,0.359,0.543,7,-7.582,1,0.0919,0.492,1.58e-05,0.118,0.453,68.534,4,0
1LLXZFeAHK9R4xUramtUKw,London Boy,Taylor Swift,Lover,2019-08-23,190240,72,1LLXZFeAHK9R4xUramtUKw,0.695,0.71,1,-6.639,1,0.05,0.0246,0.000104,0.133,0.557,157.925,4,3
43rA71bccXFGD4C8GOpIlN,I Forgot That You Existed,Taylor Swift,Lover,2019-08-23,170640,69,43rA71bccXFGD4C8GOpIlN,0.664,0.316,5,-10.345,1,0.519,0.298,2.03e-06,0.0812,0.541,92.875,4,1
59HjlYCeBsxdI0fcm3zglw,Wildest Dreams,Taylor Swift,1989,2014-10-27,220440,65,59HjlYCeBsxdI0fcm3zglw,0.554,0.666,8,-7.414,1,0.0747,0.0702,0.00593,0.106,0.472,140.056,4,3
06WgOCf0LV2h4keYXDRnuh,Clean,Taylor Swift,1989,2014-10-27,271000,41,06WgOCf0LV2h4keYXDRnuh,0.81,0.379,4,-7.771,1,0.0349,0.241,0.0,0.113,0.22,103.981,4,3
4dYUOfmWna6DFccnz732n8,How You Get The Girl,Taylor Swift,1989,2014-10-27,247533,42,4dYUOfmWna6DFccnz732n8,0.764,0.66,5,-6.136,1,0.0494,0.00461,0.00477,0.0915,0.524,119.988,4,3
6d9IiDcFxtFVIvt9pCqyGH,Sparks Fly,Taylor Swift,Speak Now,2010-10-25,260933,52,6d9IiDcFxtFVIvt9pCqyGH,0.605,0.787,5,-3.002,1,0.0308,0.0396,1.42e-06,0.163,0.374,114.987,4,3
7hZuICN5eaCuQyp443RCt6,Dear John,Taylor Swift,Speak Now,2010-10-25,403920,44,7hZuICN5eaCuQyp443RCt6,0.589,0.47,4,-5.32,1,0.028,0.166,1.45e-06,0.112,0.102,119.386,3,2
14LtANuaslKWyYbktUrHBU,Enchanted,Taylor Swift,Speak Now (Deluxe Edition),2010-10-25,352186,44,14LtANuaslKWyYbktUrHBU,0.455,0.623,8,-3.878,1,0.0288,0.0739,0.000424,0.146,0.208,163.893,4,2
5L26cBeskObsyfEjioRdiv,Emergency Room(2021),Hwang In Wook,Emergency Room(2021),2021-05-07,243986,34,5L26cBeskObsyfEjioRdiv,0.508,0.442,5,-6.072,1,0.0291,0.704,0.0,0.119,0.173,141.982,4,2
2ZHH9aoZjrqtFk1SX1dXy7,Moonlight,Ariana Grande,Dangerous Woman,2016-05-20,202360,45,2ZHH9aoZjrqtFk1SX1dXy7,0.633,0.412,9,-7.339,1,0.0284,0.42,3.57e-06,0.048,0.214,102.215,3,0
0Rx0DJI556Ix5gBny6EWmn,Paradise,Bazzi,Soul Searching,2019-08-09,169038,68,0Rx0DJI556Ix5gBny6EWmn,0.844,0.644,11,-6.273,0,0.0479,0.0828,0.0,0.113,0.591,122.061,4,1
2zSnnXvex1yMcPUn4mg27H,I Could Write a Book,"Harry Connick, Jr.",When Harry Met Sally... Music From The Motion Picture,1989-07-25,147066,48,2zSnnXvex1yMcPUn4mg27H,0.453,0.228,0,-13.907,1,0.0444,0.736,1.32e-06,0.193,0.471,127.497,4,0
0GuVQkXvtQuL6ek7nquHEN,Don't Get Around Much Anymore,"Harry Connick, Jr.",When Harry Met Sally... Music From The Motion Picture,1989-07-25,261200,32,0GuVQkXvtQuL6ek7nquHEN,0.597,0.0743,4,-16.807,1,0.0465,0.79,0.0,0.125,0.341,120.617,4,0
4QIwYqmwtr0hfJktadACK7,A Bird Without Wings,Celtic Thunder,The Show Act Two,2008,240000,0,4QIwYqmwtr0hfJktadACK7,0.455,0.278,9,-8.883,1,0.0289,0.883,0.0,0.114,0.207,114.074,4,0
5zEvD1Tapbd4RAkYmpeTap,The Moon Represents My Heart - 月亮代表我的心,Libera,The Moon Represents My Heart - 月亮代表我的心,2017-10-20,198974,35,5zEvD1Tapbd4RAkYmpeTap,0.19,0.221,3,-14.667,1,0.0416,0.984,0.269,0.0903,0.0622,79.487,4,0
1na2MOlie83rN9sTNRuEOj,I Need You,M83,Divergent: Original Motion Picture Soundtrack,2014-01-01,181280,54,1na2MOlie83rN9sTNRuEOj,0.187,0.526,2,-7.291,1,0.0326,0.0261,0.0342,0.172,0.0739,72.259,4,0
5RoIXwyTCdyUjpMMkk4uPd,Sweet Disposition,The Temper Trap,Conditions,2009-03-24,230800,31,5RoIXwyTCdyUjpMMkk4uPd,0.531,0.821,2,-6.812,1,0.0439,0.0701,0.171,0.124,0.34,129.139,4,3
0Gl5s8IhMmQE5YQwM8Qx1J,Never Enough,Loren Allred,The Greatest Showman (Original Motion Picture Soundtrack),2017-12-08,207786,72,0Gl5s8IhMmQE5YQwM8Qx1J,0.277,0.394,8,-8.903,1,0.0336,0.423,0.0,0.0952,0.227,86.777,3,0
11IXRdEjiH0KL8nh4G1j7d,Now We Are Free,Hans Zimmer,Gladiator - Music From The Motion Picture,2000-04-25,254293,54,11IXRdEjiH0KL8nh4G1j7d,0.339,0.219,9,-18.595,1,0.0336,0.578,0.101,0.104,0.0387,138.091,4,2
35uZSnpGVvHbnPMbIxDjLB,Desperado,Celtic Thunder,The Show,2007,215586,0,35uZSnpGVvHbnPMbIxDjLB,0.366,0.165,7,-12.686,1,0.0355,0.935,0.0,0.157,0.321,118.143,4,0
0S7XIu0dn63ayGxjefd5It,Forbidden Friendship,John Powell,How To Train Your Dragon - Music From The Motion Picture,2010-01-01,251093,54,0S7XIu0dn63ayGxjefd5It,0.279,0.295,6,-15.135,1,0.035,0.859,0.94,0.547,0.381,129.169,4,5
6eBK3edMW7bEzecF1eCezc,(Everything I Do) I Do It For You,Bryan Adams,Waking Up The Neighbours,1991-09-24,394133,62,6eBK3edMW7bEzecF1eCezc,0.526,0.365,1,-12.605,1,0.028,0.0775,1.37e-05,0.0618,0.254,131.251,4,2
6PJRw5icjh5FnFd7jNUmbG,The Prayer,Céline Dion,These Are Special Times,1998,268933,0,6PJRw5icjh5FnFd7jNUmbG,0.234,0.321,10,-8.513,1,0.0336,0.82,3.39e-06,0.115,0.0504,82.388,5,0
6Up545NUflOiXo8cEraH49,You Say,Lauren Daigle,Look Up Child,2018-09-07,274693,73,6Up545NUflOiXo8cEraH49,0.494,0.632,5,-6.89,1,0.0342,0.682,0.0,0.0869,0.0797,147.873,4,2
1Vk4yRsz0iBzDiZEoFMQyv,Mia & Sebastian’s Theme,Justin Hurwitz,La La Land (Original Motion Picture Soundtrack),2016-12-09,98040,68,1Vk4yRsz0iBzDiZEoFMQyv,0.476,0.192,9,-15.753,1,0.064,0.976,0.928,0.119,0.114,116.542,3,5
1Mv9pebAYnZz3VSKzcMFFM,"You'll Be In My Heart - From ""Tarzan""/Soundtrack Version",Glenn Close,Disney's Greatest Volume 2,2001-01-01,97653,34,1Mv9pebAYnZz3VSKzcMFFM,0.378,0.0956,9,-21.07,1,0.0395,0.861,0.0,0.205,0.321,101.023,3,0
2rm72l5pjfby1cWvPMUojI,Go the Distance,Roger Bart,Hercules (Original Motion Picture Soundtrack),1997-01-01,194160,0,2rm72l5pjfby1cWvPMUojI,0.218,0.124,9,-17.112,1,0.0326,0.88,0.00159,0.0845,0.172,86.614,4,0
6bcCrByBZgx8FYwuKE4Jgu,Far Longer Than Forever,"Liz Callaway, Howard McGillin, David Zippel, Lex de Azevedo, Larry Bastian, Larry Schwartz",The Swan Princess,1994-01-01,144144,47,6bcCrByBZgx8FYwuKE4Jgu,0.312,0.176,0,-18.731,1,0.0307,0.862,9.08e-06,0.129,0.199,85.936,4,0
2wCRJwiL1WSrW0Dwfco7Nj,Know Who You Are,Auli'i Cravalho,Moana - Original Motion Picture Soundtrack/Deluxe Edition,2016-11-18,72626,60,2wCRJwiL1WSrW0Dwfco7Nj,0.16,0.145,11,-20.495,0,0.0359,0.941,0.0919,0.103,0.0946,173.443,1,4
6QWniaitONimLqysaA6cwe,This Is Where I Belong,Bryan Adams,Spirit: Stallion Of The Cimarron (Music From The Original Motion Picture),2002-05-04,141133,49,6QWniaitONimLqysaA6cwe,0.221,0.305,10,-15.491,1,0.029,0.846,9.14e-05,0.348,0.109,96.592,3,0
5GK4ax71sSIokiNEZsND3d,Sound The Bugle,Bryan Adams,Spirit: Stallion Of The Cimarron (Music From The Original Motion Picture),2002-05-04,234600,51,5GK4ax71sSIokiNEZsND3d,0.506,0.195,7,-12.288,1,0.0358,0.559,2.54e-05,0.565,0.0523,114.184,4,0
6KDH3sCDRFZk71aT3a2lkY,Paperman,Christophe Beck,Paperman,2012-01-01,299493,31,6KDH3sCDRFZk71aT3a2lkY,0.257,0.328,7,-15.563,1,0.0468,0.687,0.882,0.165,0.0376,99.635,3,5
2jz0DAnooOMwtuzboHP3VE,Nothing I've Ever Known,Bryan Adams,Spirit: Stallion Of The Cimarron (Music From The Original Motion Picture),2002-05-04,232133,45,2jz0DAnooOMwtuzboHP3VE,0.673,0.241,8,-14.259,1,0.0371,0.744,0.000108,0.0991,0.135,121.962,4,0
6ofMKJjMpfDEb48JYEAgjX,Husavik (My Hometown),Will Ferrell,Eurovision Song Contest: The Story of Fire Saga (Music from the Netflix Film),2020-06-26,202286,53,6ofMKJjMpfDEb48JYEAgjX,0.509,0.46,6,-8.474,1,0.0335,0.523,0.0,0.112,0.291,133.016,4,2
0hkppOIXAfknRGYr34sLgy,I Will Always Return,Bryan Adams,Spirit: Stallion Of The Cimarron (Music From The Original Motion Picture),2002-05-04,238440,50,0hkppOIXAfknRGYr34sLgy,0.447,0.555,10,-6.951,1,0.0262,0.0811,0.0,0.157,0.219,142.891,3,2
4S7ddJ34xx6ZIkQ4a1LDRm,"The Bridge Of Khazad-Dum (From ""The Lord Of The Rings"")",Eurielle,"The Bridge Of Khazad-Dum (From ""The Lord Of The Rings"")",2015-09-18,209454,0,4S7ddJ34xx6ZIkQ4a1LDRm,0.167,0.205,5,-12.822,0,0.0398,0.982,0.909,0.0965,0.0331,64.018,3,5
6ua4ZcCoSABREsczFvGLI6,'O Sole Mio - Live,Luciano Pavarotti,Pavarotti & Friends 2,1995-01-01,191506,45,6ua4ZcCoSABREsczFvGLI6,0.297,0.264,8,-12.537,1,0.0387,0.943,1.4e-05,0.7,0.247,62.074,4,0
1nHM5nGsbpskmBnZOfxirW,"Forget Me Knots - from ""Spider-Man: No Way Home"" Soundtrack",Michael Giacchino,Spider-Man: No Way Home (Original Motion Picture Soundtrack),2021-12-17,409280,35,1nHM5nGsbpskmBnZOfxirW,0.0691,0.0614,0,-19.004,0,0.0385,0.85,0.912,0.0533,0.03,73.215,3,5
2UW59tk0OratchGvwN2uRr,"A Doom With a View - from ""Spider-Man: No Way Home"" Soundtrack",Michael Giacchino,Spider-Man: No Way Home (Original Motion Picture Soundtrack),2021-12-17,120893,28,2UW59tk0OratchGvwN2uRr,0.0812,0.0226,0,-32.037,0,0.0412,0.971,0.921,0.119,0.0394,82.037,4,5
4A9NGq1VZI3cwalNWZvLVR,Flight into Darkness,Kevin Kiner,Star Wars: Tales of the Jedi (Original Soundtrack),2022-10-26,243724,20,4A9NGq1VZI3cwalNWZvLVR,0.0958,0.252,7,-15.348,1,0.0348,0.273,0.928,0.11,0.038,67.211,3,5
2EBHPEJWmYj4W1HV3l0VZ6,Star Wars (Epic Main Theme),Samuel Kim,Star Wars: The Rise of Skywalker Tribute,2019-10-25,213463,0,2EBHPEJWmYj4W1HV3l0VZ6,0.278,0.509,7,-8.573,1,0.0374,0.753,0.96,0.129,0.0852,91.773,3,5
732QOzrBUFi0gGWNU9gB7d,Who Am I?,Jamie Foxx,Annie (Original Motion Picture Soundtrack),2014-11-17,200080,46,732QOzrBUFi0gGWNU9gB7d,0.251,0.333,10,-9.137,1,0.0336,0.411,1.98e-06,0.11,0.219,76.335,4,0
7hs0pXWvIkYEFeQYfUa42B,"Waloyo Yamoni - ""We Overcome the Wind""",Christopher Tin,The Drop That Contained the Sea,2014-05-08,733306,46,7hs0pXWvIkYEFeQYfUa42B,0.269,0.18,7,-12.932,0,0.0363,0.888,0.00583,0.0604,0.0782,136.055,4,2
1LNrPxRlSkIROZIZ4ldKoH,Deep Breaths,Austin Farwell,Deep Breaths,2022-03-08,138905,52,1LNrPxRlSkIROZIZ4ldKoH,0.295,0.0433,4,-25.464,1,0.0373,0.976,0.905,0.0992,0.0523,137.592,4,5
3aLbDGVIbZHUDjQXjfrvBP,The City's Yours,Jamie Foxx,Annie (Original Motion Picture Soundtrack),2014-11-17,192133,61,3aLbDGVIbZHUDjQXjfrvBP,0.532,0.807,1,-4.281,1,0.0527,0.083,0.0,0.123,0.335,166.925,4,3
4BrX9il0kSbL8xtlHjQbpP,"Gianni Schicchi: ""O mio Babbino caro""",Giacomo Puccini,Vissi d'Arte - Opera for Orchestra,1997-11-04,243000,38,4BrX9il0kSbL8xtlHjQbpP,0.206,0.19,8,-15.396,1,0.0384,0.974,0.808,0.131,0.0368,79.811,3,5
3kSXn1osC89W8JcPLozTzs,Stand By You,Rachel Platten,Wildfire,2016-01-01,219000,60,3kSXn1osC89W8JcPLozTzs,0.506,0.897,9,-4.632,1,0.26,0.146,0.000451,0.0868,0.525,188.03,4,1
46bzMOnJ1anlTrDCGWH30H,Big Dreams,Fernando Velázquez,A Monster Calls (Original Motion Picture Soundtrack),2016-12-09,95280,53,46bzMOnJ1anlTrDCGWH30H,0.178,0.00505,3,-32.978,1,0.0366,0.993,0.821,0.0844,0.0684,136.546,4,5
5lb8hYTICPj3WGIiaW1qla,I Wish I Had a Hundred Years,Fernando Velázquez,A Monster Calls (Original Motion Picture Soundtrack),2016-12-09,132840,54,5lb8hYTICPj3WGIiaW1qla,0.119,0.0347,11,-24.575,0,0.0394,0.975,0.904,0.0815,0.0347,95.597,4,5
5tgyHc2LLF0BI2udBTMFJz,The Burning Bush,Hans Zimmer,The Prince Of Egypt (Music From The Original Motion Picture Soundtrack),1998-02-11,436666,47,5tgyHc2LLF0BI2udBTMFJz,0.0912,0.0583,9,-24.011,0,0.0382,0.848,0.877,0.117,0.0367,86.432,5,5
38UEe6tvR5IufCUwFa7tXB,The Long Song,Murray Gold,Doctor Who - Series 7 (Original Television Soundtrack),2013-11-05,218666,0,38UEe6tvR5IufCUwFa7tXB,0.378,0.497,9,-12.019,1,0.0406,0.758,0.92,0.186,0.159,119.962,4,5
5lbZL5xmyJHtrrioldEyXX,All I Ever Wanted (With Queen's Reprise),Amick Byram,The Prince Of Egypt (Music From The Original Motion Picture Soundtrack),1998-02-11,171600,47,5lbZL5xmyJHtrrioldEyXX,0.255,0.229,6,-16.2,1,0.0373,0.68,0.000674,0.395,0.152,77.899,5,0
2ZbnaNF52uSfO4eouvjSrJ,Make Me Whole,"Rob Gardner & London Symphony Orchestra, Linsey Maxson, Bailee Brinkerhoff","Lamb of God: a sacred work for choir, orchestra and soloists",2010-09-10,240746,5,2ZbnaNF52uSfO4eouvjSrJ,0.209,0.187,1,-17.307,1,0.0461,0.831,2.88e-06,0.116,0.0784,84.837,3,0
6BOgMI1pVONpiu2xkpMW2i,Consider the Lilies,Roger Hoffman,Consider the Lilies,2003-05-06,331400,0,6BOgMI1pVONpiu2xkpMW2i,0.0815,0.205,10,-21.149,1,0.042,0.983,0.839,0.172,0.0556,84.003,4,5
34IQaMgUdIciIpNWN5CUbl,In The Wee Small Hours Of The Morning,Frank Sinatra,Ultimate Sinatra,2015-04-17,179000,36,34IQaMgUdIciIpNWN5CUbl,0.177,0.105,0,-14.264,1,0.0355,0.875,0.000526,0.0986,0.0876,68.941,5,0
4kF394GKEnI13QdZBM9mxM,Misty,Ella Fitzgerald,The Complete Piano Duets,2020-03-13,174066,50,4kF394GKEnI13QdZBM9mxM,0.359,0.109,8,-14.113,0,0.039,0.995,0.00348,0.12,0.234,88.423,1,4
3AAwJ043uT1wXSKDtGyuxF,Misty Mountains,Richard Armitage,The Hobbit: An Unexpected Journey (Original Motion Picture Soundtrack),2012-12-11,103024,67,3AAwJ043uT1wXSKDtGyuxF,0.195,0.0111,7,-31.641,0,0.0337,0.845,0.000881,0.112,0.3,83.735,1,4
6fxVffaTuwjgEk5h9QyRjy,Photograph,Ed Sheeran,x - Wembley Edition,2013,258986,67,6fxVffaTuwjgEk5h9QyRjy,0.614,0.379,4,-10.48,1,0.0476,0.607,0.000464,0.0986,0.201,107.989,4,2
1Slwb6dOYkBlWal1PGtnNg,Thinking out Loud,Ed Sheeran,x - Wembley Edition,2013,281560,63,1Slwb6dOYkBlWal1PGtnNg,0.781,0.445,2,-6.061,1,0.0295,0.474,0.0,0.184,0.591,78.998,4,3
0tgVpDi06FyKpA1z0VMD4v,Perfect,Ed Sheeran,÷ (Deluxe),2017-03-03,263400,85,0tgVpDi06FyKpA1z0VMD4v,0.599,0.448,8,-6.312,1,0.0232,0.163,0.0,0.106,0.168,95.05,3,2
0SuG9kyzGRpDqrCWtgD6Lq,Give Me Love,Ed Sheeran,+,2011-09-09,526386,68,0SuG9kyzGRpDqrCWtgD6Lq,0.526,0.328,1,-9.864,1,0.0461,0.694,0.0,0.112,0.11,116.068,4,2
0T5iIrXA4p5GsubkhuBIKV,Until I Found You,Stephen Sanchez,Until I Found You,2021-09-01,177720,76,0T5iIrXA4p5GsubkhuBIKV,0.539,0.508,10,-6.05,1,0.0288,0.727,0.0,0.174,0.227,101.358,3,0
5cEap0vG6Dc6TJDN77cyF9,When You're Not Here,Michael Bublé,love (Deluxe Edition),2018-11-16,218261,40,5cEap0vG6Dc6TJDN77cyF9,0.263,0.163,11,-11.077,1,0.0352,0.913,0.00227,0.12,0.203,89.745,3,0
4T6HLdP6OcAtqC6tGnQelG,Everything,Michael Bublé,Call Me Irresponsible,2007-04-27,212373,70,4T6HLdP6OcAtqC6tGnQelG,0.686,0.688,6,-4.981,0,0.0254,0.39,1.03e-06,0.0924,0.493,123.125,4,1
3I09LQbHS3NSU46Ly3tPpR,Feeling Good,Michael Bublé,It's Time,2005-02-07,237333,66,3I09LQbHS3NSU46Ly3tPpR,0.535,0.548,1,-6.51,1,0.037,0.533,1.48e-06,0.123,0.477,115.144,3,2
4zKbPdCC2o8726tHh5sEJw,Always on My Mind,Michael Bublé,Call Me Irresponsible,2007-04-27,269800,54,4zKbPdCC2o8726tHh5sEJw,0.33,0.161,2,-15.495,1,0.0355,0.891,0.0191,0.101,0.13,67.398,3,0
6d2i9NFTSQaXIwQUSombV7,At This Moment,Michael Bublé,Crazy Love,2009-10-06,275373,37,6d2i9NFTSQaXIwQUSombV7,0.358,0.395,5,-7.493,1,0.033,0.326,8.55e-06,0.307,0.219,88.908,3,0
1YlCqvmX9P8XlAKPyHyGw1,You're Nobody till Somebody Loves You,Michael Bublé,Crazy Love,2009-10-06,187400,37,1YlCqvmX9P8XlAKPyHyGw1,0.412,0.394,5,-6.341,1,0.0283,0.127,0.0,0.0833,0.359,68.37,4,0
5i04Jy87RLxoZszJqY3QAN,Cry Me a River,Michael Bublé,Crazy Love,2009-10-06,254746,51,5i04Jy87RLxoZszJqY3QAN,0.458,0.483,10,-7.909,1,0.0366,0.624,5.62e-06,0.0754,0.513,104.823,3,0
4IbOPxstIn2KbdlWf5xRZ0,Georgia on My Mind,Michael Bublé,Crazy Love,2009-10-06,188226,49,4IbOPxstIn2KbdlWf5xRZ0,0.269,0.239,0,-10.522,0,0.03,0.842,0.00194,0.0938,0.162,176.916,3,2
1NnBOnFPFdYJdauawQt5bN,Save the Last Dance for Me,Michael Bublé,It's Time,2005-02-07,218613,54,1NnBOnFPFdYJdauawQt5bN,0.745,0.45,4,-9.121,1,0.0354,0.288,0.0,0.0538,0.807,133.952,4,3
7vySXLEg91xiAi8J0Qiqwv,The Impossible Dream (The Quest),Frank Sinatra,That's Life,1966-11,151266,39,7vySXLEg91xiAi8J0Qiqwv,0.344,0.191,10,-15.09,1,0.039,0.799,0.0,0.159,0.327,125.374,3,0
2KNMqqNd3sLfeN4ukKduRT,Moon River,Frank Sinatra,"Days Of Wine And Roses, Moon River And Other Academy Award Winners",1964,199133,56,2KNMqqNd3sLfeN4ukKduRT,0.171,0.0632,0,-20.776,1,0.0327,0.945,2.71e-05,0.121,0.168,81.406,3,0
6ft9PAgNOjmZ2kFVP7LGqb,Can't Take My Eyes off You,Frankie Valli,The Very Best of Frankie Valli & The 4 Seasons,2003-01-14,203240,68,6ft9PAgNOjmZ2kFVP7LGqb,0.575,0.764,4,-7.448,1,0.0746,0.566,1.07e-05,0.0692,0.536,123.821,4,3
2ODCaqPXjIELP6Wjrg6h53,Love at First Sight,Michael Bublé,Totally Bublé,2003-09-09,198933,23,2ODCaqPXjIELP6Wjrg6h53,0.311,0.162,10,-14.119,1,0.0303,0.886,1.84e-05,0.109,0.168,173.523,3,2
1QELw50Dl95LusF6uOkDqk,La vie en rose (feat. Cécile McLorin Salvant),Michael Bublé,love (Deluxe Edition),2018-11-16,229963,52,1QELw50Dl95LusF6uOkDqk,0.459,0.267,0,-8.948,1,0.0294,0.807,0.0,0.119,0.342,63.378,4,0
1zwMYTA5nlNjZxYrvBB2pV,Someone Like You,Adele,21,2011-01-24,285240,78,1zwMYTA5nlNjZxYrvBB2pV,0.556,0.319,9,-8.251,1,0.0281,0.893,0.0,0.0996,0.294,135.187,4,2
73CMRj62VK8nUS4ezD2wvi,Set Fire to the Rain,Adele,21,2011-01-24,242973,78,73CMRj62VK8nUS4ezD2wvi,0.603,0.67,2,-3.882,0,0.0249,0.00408,1.68e-06,0.112,0.446,107.993,4,1
05TOt5Vz4StdjMpEdFPlvB,All I Ask,Adele,25,2015-11-20,271800,69,05TOt5Vz4StdjMpEdFPlvB,0.591,0.28,4,-5.494,1,0.0283,0.889,0.0,0.124,0.348,141.916,4,2
1hHuyqVCZCbhYQixEkdQCo,Sing for Absolution,Muse,Absolution,2004-03-23,294866,1,1hHuyqVCZCbhYQixEkdQCo,0.436,0.678,5,-7.211,1,0.0301,0.457,0.0384,0.0873,0.194,170.287,4,2
5ONbCAFFnAJ0YGClEeddcU,Patience,The Lumineers,Cleopatra,2016-04-08,97051,22,5ONbCAFFnAJ0YGClEeddcU,0.476,0.236,4,-16.991,1,0.0456,0.973,0.922,0.108,0.0984,138.456,3,5
1yHVHoz6Ny29gbbWJYVnFt,Heaven,Niall Horan,Heaven,2023-02-17,186043,2,1yHVHoz6Ny29gbbWJYVnFt,0.571,0.761,5,-3.485,1,0.0261,0.0708,0.0,0.331,0.681,91.991,4,3
26hOm7dTtBi0TdpDGl141t,Die For You,Joji,SMITHEREENS,2022-11-04,211666,75,26hOm7dTtBi0TdpDGl141t,0.472,0.518,8,-7.379,1,0.051,0.383,0.127,0.289,0.154,147.805,4,2
69rSEDWuvLS6yyNcESulCc,Just Friends,JORDY,Just Friends,2018-10-26,189631,3,69rSEDWuvLS6yyNcESulCc,0.679,0.525,7,-7.015,1,0.0804,0.054,0.0,0.438,0.42,95.091,4,3
6LXIhiXK8z1KLd3giR904b,Smells Like Me,Charlie Puth,Smells Like Me,2022-09-02,204079,49,6LXIhiXK8z1KLd3giR904b,0.602,0.565,11,-6.498,1,0.0498,0.329,0.0,0.0622,0.609,208.038,4,3
0qCcqa0gYjW8rerrC10yun,Better Alone,Benson Boone,Better Alone,2022-07-22,209895,57,0qCcqa0gYjW8rerrC10yun,0.504,0.47,7,-6.105,1,0.0383,0.49,0.0,0.101,0.184,126.039,4,2
2IOFZdYYkFxEHVz1w34PoL,Cherry,Harry Styles,Fine Line,2019-12-13,259186,68,2IOFZdYYkFxEHVz1w34PoL,0.53,0.512,7,-9.261,1,0.0259,0.615,0.00453,0.129,0.411,95.946,4,0
4G92yYrUs0cvY7G41YRI0z,Jealous,Labrinth,Jealous - EP,2014-11-23,287693,70,4G92yYrUs0cvY7G41YRI0z,0.439,0.153,1,-8.95,1,0.0479,0.874,0.0,0.107,0.104,116.76,3,2
2t3IK52qKDAR2fo5EBkCFT,Je te le donne,Vitaa,Je te le donne,2018-08-24,233973,23,2t3IK52qKDAR2fo5EBkCFT,0.72,0.647,8,-6.688,0,0.159,0.457,0.0,0.0977,0.294,107.04,4,1
18XEJ4bMuqM0YIrZuir4xy,Good bye my love,AILEE,You are my destiny OST Part.6,2014-08-13,256305,0,18XEJ4bMuqM0YIrZuir4xy,0.292,0.562,3,-5.193,1,0.031,0.788,0.0,0.203,0.217,139.279,4,2
1IdM9JrXYuMYiTdM983oH4,"Not Spring, Love, or Cherry Blossoms",HIGH4,"Not Spring, Love, or Cherry Blossoms",2014-04-08,195265,51,1IdM9JrXYuMYiTdM983oH4,0.77,0.484,7,-6.626,1,0.0538,0.464,0.0,0.44,0.793,79.988,4,3
6lrZiAgjWUcfuj5HHxPsZF,My way,ISU,"Money Flower, (Original Television Soundtrack)",2018-02-03,276747,0,6lrZiAgjWUcfuj5HHxPsZF,0.482,0.403,10,-7.85,1,0.0311,0.385,0.0,0.113,0.203,76.94,4,0
0TxSk5fpK01cBLV9ePqcE6,She's In The Rain,The Rose,Dawn,2018-10-04,237576,0,0TxSk5fpK01cBLV9ePqcE6,0.36,0.533,3,-4.394,1,0.0302,0.375,0.0,0.0768,0.421,92.854,4,0
63MgFVcIldlw51imFtcgK1,El Perdón,Nicky Jam,El Perdón (w/ Enrique Iglesias),2016-04-19,207013,0,63MgFVcIldlw51imFtcgK1,0.622,0.701,8,-5.452,1,0.0559,0.423,0.0,0.0955,0.645,179.998,4,3
7neOIVKDsLaUXV5y84jGuY,I Don't Love You,Urban Zakapa,STILL,2016-05-27,254924,51,7neOIVKDsLaUXV5y84jGuY,0.35,0.348,4,-6.156,1,0.0317,0.805,4.48e-06,0.102,0.274,146.603,4,2
4mj63a9c899Cs5l8gwuC0e,인연,Sohyang,나는 가수다 2 2012 가왕전 4강전,2012-12-16,267656,0,4mj63a9c899Cs5l8gwuC0e,0.324,0.515,8,-3.23,0,0.033,0.757,2.89e-05,0.727,0.311,140.097,4,2
5mTmB6IgMzomkJvOkQ8WDV,올해 제일 잘한 일 The Best Thing I Ever Did,TWICE,"The year of ""YES""",2018-12-12,210450,0,5mTmB6IgMzomkJvOkQ8WDV,0.72,0.655,5,-3.994,1,0.0248,0.383,0.0,0.156,0.468,104.977,4,3
1obtU03RXYzuNnzGe31arn,LOVE DAY,YANG YO SEOP,`A CUBE` FOR SEASON # GREEN,2012-03-14,237165,32,1obtU03RXYzuNnzGe31arn,0.709,0.801,0,-3.756,1,0.0627,0.436,0.0,0.0835,0.422,120.031,4,3
1VrUu8hMTMslRSjsDpSJKc,RE-BYE,AKMU,SPRING,2016-05-04,188716,0,1VrUu8hMTMslRSjsDpSJKc,0.801,0.608,2,-5.474,0,0.0663,0.476,0.0,0.13,0.922,127.958,4,1
1HYzRuWjmS9LXCkdVHi25K,Stay With Me,CHANYEOL,"Guardian (Original Television Soundtrack), Pt. 1",2016-12-03,192441,69,1HYzRuWjmS9LXCkdVHi25K,0.558,0.526,0,-4.686,0,0.033,0.431,0.0,0.126,0.202,124.709,4,1
3IPJg1sdqLj12kFIndaonN,No Hay Nadie Más,Sebastian Yatra,MANTRA,2018-05-18,199733,73,3IPJg1sdqLj12kFIndaonN,0.695,0.379,6,-9.147,1,0.034,0.858,0.0,0.106,0.805,105.057,4,3
6rPO02ozF3bM7NnOV4h6s2,Despacito - Remix,Luis Fonsi,Despacito Feat. Justin Bieber (Remix),2017-04-17,228826,69,6rPO02ozF3bM7NnOV4h6s2,0.653,0.816,2,-4.353,1,0.167,0.228,0.0,0.0967,0.816,178.085,4,1
32lm3769IRfcnrQV11LO4E,Bailando - Spanish Version,Enrique Iglesias,SEX AND LOVE (Deluxe),2014-01-01,243413,66,32lm3769IRfcnrQV11LO4E,0.723,0.777,7,-3.503,1,0.108,0.0426,3.68e-06,0.0451,0.961,91.017,4,3
0Kt035u0yJBkOnM1BYPpI6,Culpa al Corazón,Prince Royce,FIVE (Deluxe Edition),2017-02-24,222080,54,0Kt035u0yJBkOnM1BYPpI6,0.839,0.649,0,-6.121,1,0.0372,0.465,0.0,0.0973,0.904,122.99,4,3
4qzBepJAKtYu4T1GDtBZZc,"눈,코,입 (Eyes, Nose, Lips)",TAEYANG,RISE,2014-06-13,229989,0,4qzBepJAKtYu4T1GDtBZZc,0.631,0.516,0,-5.759,1,0.0378,0.738,0.0,0.264,0.254,143.777,4,2
6yWUojjtn6IMmZEgHyfblf,제발,KIM BUMSOO,서바이벌 나는 가수다 경연 2 - 서로의 노래 바꿔 부르기,2011-03-27,281959,0,6yWUojjtn6IMmZEgHyfblf,0.388,0.289,0,-7.394,0,0.0386,0.593,0.0,0.15,0.193,122.522,4,2
7k5iu5vr7IEW3BdSgwY9mw,Memory Of The Wind,Naul,Principle Of My Soul,2012-09-20,308186,0,7k5iu5vr7IEW3BdSgwY9mw,0.282,0.426,8,-7.405,1,0.031,0.65,0.000805,0.107,0.129,133.467,4,2
4lt4QTuoYOEEOhrNDZJ1o8,Room Shaker,AILEE,butterFLY,2019-07-02,195026,34,4lt4QTuoYOEEOhrNDZJ1o8,0.697,0.897,11,-3.628,0,0.136,0.0323,0.0,0.138,0.736,140.03,4,1
0IHgyl0zAHIj7kpm4YKKv3,Sun And Moon,Sam Kim,Sun And Moon Part.1,2018-10-23,301059,19,0IHgyl0zAHIj7kpm4YKKv3,0.534,0.62,2,-8.276,1,0.0404,0.173,1.37e-05,0.127,0.392,130.863,3,2
2OyX69J0H3ZaO3irKbcemY,Blank,BEN,RECIPE,2018-05-08,192593,0,2OyX69J0H3ZaO3irKbcemY,0.341,0.239,10,-8.406,1,0.0354,0.846,0.00203,0.0703,0.0756,129.55,4,0
6nhj2meaMrV4pGKk9Q65u2,Sound of Winter,Park Hyo Shin,Sound of Winter,2018-01-01,411713,26,6nhj2meaMrV4pGKk9Q65u2,0.275,0.248,1,-10.831,1,0.0309,0.762,0.0,0.111,0.117,140.947,3,2
5Hkk4YCNakpuOpbZQo67fE,Wild Flower,Park Hyo Shin,I am A Dreamer,2016-10-03,314254,0,5Hkk4YCNakpuOpbZQo67fE,0.281,0.323,8,-9.145,1,0.031,0.722,0.0,0.12,0.247,134.824,3,2
5WHnE8MsLFHqSUwecrs7WO,Bésame Mucho,Andrea Bocelli,Amor (Edición Especial En Español),2006-01-01,241232,61,5WHnE8MsLFHqSUwecrs7WO,0.521,0.502,5,-8.521,0,0.0287,0.886,0.02,0.188,0.378,95.028,4,0
4q5R6rdomdPOwVxJrExLkc,"The Day (From ""Mr. Sunshine [Original Television Soundtrack], Pt. 1"")",Park Hyo Shin,"The Day (From ""Mr. Sunshine [Original Television Soundtrack], Pt. 1"")",2018-07-08,292526,0,4q5R6rdomdPOwVxJrExLkc,0.327,0.375,1,-8.405,1,0.0313,0.392,0.0,0.101,0.149,72.364,4,0
7L3borCR5Izc7zJjFpjjhh,La Llorona,Ángela Aguilar,Primero Soy Mexicana,2018-03-02,490753,3,7L3borCR5Izc7zJjFpjjhh,0.808,0.253,7,-7.267,0,0.0332,0.847,4.24e-05,0.229,0.274,122.879,3,2
4hNSTJdBOSWiYdiMPbFjf9,Alguien Soy Yo,Enrique Iglesias,Insomniac,2007-01-01,239146,38,4hNSTJdBOSWiYdiMPbFjf9,0.655,0.552,8,-7.519,1,0.0256,0.278,0.0,0.101,0.391,83.021,4,3
4uHs0TfECKllxN8zeLWqJu,Gol,Cali Y El Dandee,3 A.M.,2012-01-01,222680,51,4uHs0TfECKllxN8zeLWqJu,0.696,0.746,1,-4.74,1,0.0566,0.159,0.0,0.168,0.513,126.088,4,3
22CY3wlF8O6Z9QkOWYhaz5,눈 떠보니 이별이더라,4MEN,Remember Me,2017-10-24,282421,12,22CY3wlF8O6Z9QkOWYhaz5,0.451,0.499,7,-6.151,1,0.0317,0.783,0.0,0.122,0.262,131.361,4,2
3B21fRFqPLmTd9zAlK0I8A,Para Enamorarte,CNCO,Primera Cita,2016-08-26,188533,53,3B21fRFqPLmTd9zAlK0I8A,0.817,0.676,2,-4.607,1,0.0379,0.0924,0.0,0.0988,0.796,115.999,4,3
2G0k5HoKVW3iPC1eF7Ykb7,Nadie,Matisse,Nadie,2020-05-15,198205,0,2G0k5HoKVW3iPC1eF7Ykb7,0.542,0.448,11,-6.715,1,0.0336,0.588,0.0,0.089,0.189,119.83,3,0
08MFgEQeVLF37EyZ7jcwLc,Pano,Zack Tabudlo,Pano,2021-12-06,254400,67,08MFgEQeVLF37EyZ7jcwLc,0.375,0.457,3,-7.018,1,0.0315,0.868,0.0145,0.191,0.415,174.839,3,2
2UVrIJBJVRPN9UgzShCJ5c,"I Think I Kinda, You Know - Duet",Olivia Rodrigo,"I Think I Kinda, You Know (From ""High School Musical: The Musical: The Series"")",2019-11-08,172253,53,2UVrIJBJVRPN9UgzShCJ5c,0.781,0.463,0,-7.662,1,0.0861,0.47,0.0,0.0961,0.506,129.131,4,3
0QBzMgT7NIeoCYy3sJCof1,Bam Bam (feat. Ed Sheeran),Camila Cabello,Bam Bam (feat. Ed Sheeran),2022-03-04,206070,71,0QBzMgT7NIeoCYy3sJCof1,0.756,0.697,8,-6.377,1,0.0401,0.182,0.0,0.333,0.956,94.996,4,3
0kWQn0wLok1lawHAkGSMW9,I Like That,Bazzi,Infinite Dream,2022-09-16,158083,55,0kWQn0wLok1lawHAkGSMW9,0.665,0.692,6,-5.431,0,0.112,0.172,0.0,0.191,0.68,74.474,4,1
2NcQic8JxdjAlAHuNbOIRE,Keep Driving,Harry Styles,Harry's House,2022-05-20,140241,70,2NcQic8JxdjAlAHuNbOIRE,0.721,0.479,9,-9.669,1,0.226,0.321,0.00156,0.182,0.902,164.948,3,1
7I5WT7DtpwSAhEeDLpZEfm,All 4 Nothing (I'm So In Love),Lauv,All 4 Nothing,2022-08-05,183014,62,7I5WT7DtpwSAhEeDLpZEfm,0.72,0.819,1,-4.588,1,0.0362,0.0411,0.0,0.0606,0.898,131.99,4,3
4q0crFErlOEybi84JzBqTp,Yoü And I,Ben Platt,Yoü And I,2021-06-25,282615,34,4q0crFErlOEybi84JzBqTp,0.555,0.331,0,-8.622,1,0.0354,0.434,0.0,0.117,0.255,124.536,4,2
2R4O7MgIrN35QXnyLKMFVl,Mrs.,Leon Bridges,Good Thing,2018-05-04,242520,50,2R4O7MgIrN35QXnyLKMFVl,0.706,0.354,6,-9.592,1,0.29,0.479,0.0,0.0734,0.376,119.793,3,1
4XwGrhiOTz0FapbeOdtCpN,Mi Amor,Daniel Pemberton,Spider-Man: Into the Spider-Verse (Original Score),2018-12-17,79553,51,4XwGrhiOTz0FapbeOdtCpN,0.0,0.0471,2,-27.968,0,0.0,0.963,0.488,0.144,0.0,0.0,0,4
6uW0PIRcyZLvkoonm763xD,Contando Lunares (feat. Cruz Cafuné),Don Patricio,La Dura Vida del Joven Rapero,2019-01-27,219666,64,6uW0PIRcyZLvkoonm763xD,0.856,0.523,4,-10.481,0,0.131,0.442,0.0,0.0537,0.709,105.935,4,1
2YOGCTiPJWMhZRdeadFj8G,this is what autumn feels like,JVKE,this is what autumn feels like,2023-09-12,219909,65,2YOGCTiPJWMhZRdeadFj8G,0.238,0.441,3,-7.42,1,0.0364,0.912,0.433,0.167,0.164,79.445,4,0
4SFNe716eUbgX1XvGCTBu7,De Selby (Part 2),Hozier,De Selby (Part 2),2023-07-21,227826,29,4SFNe716eUbgX1XvGCTBu7,0.601,0.86,6,-5.374,0,0.0653,0.08,0.000369,0.189,0.65,161.96,4,1
31Wlc9ZnraX3JxrvMg9e8H,3 Boys,Omar Apollo,3 Boys,2023-02-17,209188,57,31Wlc9ZnraX3JxrvMg9e8H,0.548,0.456,9,-5.979,1,0.0703,0.813,0.00464,0.122,0.53,173.839,3,2
3hhbDnFUb2bicI2df6VurK,River,Leon Bridges,Coming Home (Deluxe),2015-06-23,240200,72,3hhbDnFUb2bicI2df6VurK,0.635,0.184,8,-10.785,1,0.0456,0.665,0.0,0.146,0.177,128.424,4,2
4VnDmjYCZkyeqeb0NIKqdA,Can You Hear The Music,Ludwig Göransson,Oppenheimer (Original Motion Picture Soundtrack),2023-07-21,110160,70,4VnDmjYCZkyeqeb0NIKqdA,0.19,0.435,4,-12.456,0,0.0334,0.233,0.938,0.1,0.0643,138.515,4,5
4YutJsNwBBInE8vemufpQ8,"Girl Crush - Recorded at Metropolis Studios, London",Harry Styles,Spotify Singles,2017-09-27,243804,63,4YutJsNwBBInE8vemufpQ8,0.468,0.197,4,-11.727,1,0.033,0.658,0.0,0.109,0.249,144.212,3,2
2TktkzfozZifbQhXjT6I33,Evergreen (You Didn’t Deserve Me At All),Omar Apollo,Ivory,2022-04-08,216680,75,2TktkzfozZifbQhXjT6I33,0.697,0.336,9,-10.395,1,0.0424,0.598,0.00528,0.107,0.31,82.029,3,0
3g3GjHuxntUfUd4t23rGTZ,Cool,Daniel Caesar,NEVER ENOUGH,2023-04-07,244189,53,3g3GjHuxntUfUd4t23rGTZ,0.426,0.139,7,-10.916,1,0.0301,0.915,0.00242,0.107,0.222,61.04,4,0
1fiSki9Yy5lekUUpV4mByo,i'm not okay,JVKE,this is what ____ feels like (Vol. 1-4),2022-09-23,145189,55,1fiSki9Yy5lekUUpV4mByo,0.434,0.467,1,-5.926,0,0.0434,0.849,1.42e-05,0.143,0.141,128.504,3,2
0rzaRSujxA0bKyjJl6vHYq,Satellite,Harry Styles,Harry's House,2022-05-20,218577,72,0rzaRSujxA0bKyjJl6vHYq,0.576,0.457,0,-6.473,1,0.0304,0.143,3.05e-05,0.0917,0.301,138.984,4,3
7HnkUNPrhRurdGEm9nRYFH,Death & Taxes,Daniel Caesar,Pilgrim's Paradise,2015-11-12,305081,56,7HnkUNPrhRurdGEm9nRYFH,0.448,0.328,7,-11.132,1,0.0351,0.803,9.34e-05,0.347,0.209,113.941,3,2
1boXOL0ua7N2iCOUVI1p9F,Japanese Denim,Daniel Caesar,Get You - Single,2016-10-21,270846,76,1boXOL0ua7N2iCOUVI1p9F,0.707,0.238,3,-8.818,1,0.0379,0.0905,2.42e-06,0.0842,0.345,124.156,3,2
3ym8ajVmKm6Fybgov3WBI5,Let Me Go,Daniel Caesar,NEVER ENOUGH,2023-04-07,216524,69,3ym8ajVmKm6Fybgov3WBI5,0.591,0.473,7,-8.122,0,0.0708,0.694,0.00334,0.108,0.451,152.88,4,1
4deAN7JXhdHHifxOp0TTjU,Do You Like Me?,Daniel Caesar,NEVER ENOUGH,2023-04-07,227520,65,4deAN7JXhdHHifxOp0TTjU,0.718,0.398,11,-6.774,1,0.0396,0.498,0.0352,0.129,0.373,76.976,4,0
2QfznFotJNZmnIEYFdzE5T,Heartbreak Anniversary,Giveon,Heartbreak Anniversary,2020-02-21,196794,69,2QfznFotJNZmnIEYFdzE5T,0.624,0.457,0,-8.876,1,0.0494,0.557,0.0,0.128,0.586,129.758,4,3
6rY5FAWxCdAGllYEOZMbjW,SLOW DANCING IN THE DARK,Joji,BALLADS 1,2018-10-26,209273,79,6rY5FAWxCdAGllYEOZMbjW,0.517,0.479,3,-7.458,1,0.0261,0.544,0.00598,0.191,0.284,88.968,4,0
1TuSfYnKU5uKbYK1esQDLj,Another Heartbreak,Giveon,Give Or Take,2022-06-24,249315,53,1TuSfYnKU5uKbYK1esQDLj,0.587,0.251,1,-9.017,1,0.0289,0.862,0.0,0.105,0.272,75.163,4,0
1CsMKhwEmNnmvHUuO5nryA,SKINNY,Billie Eilish,HIT ME HARD AND SOFT,2024-05-17,219733,80,1CsMKhwEmNnmvHUuO5nryA,0.251,0.252,9,-14.478,1,0.0375,0.693,0.00706,0.0968,0.0395,69.988,4,0
22ZcJxQkzIL6EU692kAFWY,cowboy in LA,LANY,mama's boy,2020-10-02,213800,58,22ZcJxQkzIL6EU692kAFWY,0.624,0.393,8,-8.916,1,0.0333,0.407,0.0,0.118,0.728,177.963,4,3
0JWA4NaSOa1mZfLyNvZLQW,Pessimist,Lithe,Pessimist,2020-05-15,140224,65,0JWA4NaSOa1mZfLyNvZLQW,0.69,0.197,4,-12.801,0,0.078,0.366,0.000139,0.128,0.269,177.985,3,1
5GUYJTQap5F3RDQiCOJhrS,Self Control,Frank Ocean,Blonde,2016-08-20,249667,76,5GUYJTQap5F3RDQiCOJhrS,0.581,0.21,8,-10.426,1,0.0321,0.768,0.0,0.369,0.452,80.099,4,0
56KDoLjFIm7Yc7fX1XgpNw,Always Been You,Shawn Mendes,Wonder,2020-12-04,167193,53,56KDoLjFIm7Yc7fX1XgpNw,0.37,0.39,3,-6.958,1,0.0419,0.229,0.0,0.0823,0.309,124.802,4,0
07oO1U722crtVcavi6frX6,"Double Life - From ""Despicable Me 4""",Pharrell Williams,"Double Life (From ""Despicable Me 4"")",2024-06-14,190782,81,07oO1U722crtVcavi6frX6,0.851,0.652,8,-4.333,1,0.0367,0.0317,0.0,0.0936,0.696,119.944,4,3
5N3hjp1WNayUPZrA8kJmJP,Please Please Please,Sabrina Carpenter,Please Please Please,2024-06-06,186365,93,5N3hjp1WNayUPZrA8kJmJP,0.669,0.586,9,-6.073,1,0.054,0.274,0.0,0.104,0.579,107.071,4,3
3uTsiaNxy6h6EAd7MsCf9D,this is what forever feels like (with Nick Jonas),JVKE,this is what forever feels like,2024-09-13,154841,69,3uTsiaNxy6h6EAd7MsCf9D,0.447,0.697,1,-4.896,1,0.0425,0.182,2.49e-06,0.137,0.306,149.024,4,3
46kspZSY3aKmwQe7O77fCC,we can't be friends (wait for your love),Ariana Grande,eternal sunshine,2024-03-08,228639,82,46kspZSY3aKmwQe7O77fCC,0.645,0.646,5,-8.334,1,0.0427,0.0615,3.04e-05,0.074,0.295,115.842,4,3
5oO3drDxtziYU2H1X23ZIp,Love On The Brain,Rihanna,ANTI (Deluxe),2016-01-28,224000,83,5oO3drDxtziYU2H1X23ZIp,0.509,0.637,4,-4.83,0,0.047,0.0717,1.08e-05,0.0789,0.379,172.007,3,1
5zZEP23ceNvvA9IT6CnqoY,La Rumba D'el Jefe,Jesse Cook,The Rumba Foundation,2009-01-01,217226,41,5zZEP23ceNvvA9IT6CnqoY,0.759,0.455,9,-9.991,0,0.048,0.562,0.894,0.109,0.32,93.006,4,5
3tQeDE3Q4Pk40CvPFO0eoW,The Curse - Fp Version,Diary Of Dreams,Freak Perfume,2002-06-03,334840,25,3tQeDE3Q4Pk40CvPFO0eoW,0.58,0.888,1,-7.435,1,0.0466,0.0261,0.347,0.0803,0.668,99.988,4,3
4SwcSQIRh7M1dmzyYgCAHs,Half-Life,Duncan Sheik,Daylight,2002,233733,42,4SwcSQIRh7M1dmzyYgCAHs,0.536,0.475,5,-6.154,1,0.0287,0.543,0.0,0.174,0.299,133.879,4,2
276zciJ7Fg7Jk6Ta6QuLkp,Come Down,Anderson .Paak,Malibu,2016-01-15,169726,62,276zciJ7Fg7Jk6Ta6QuLkp,0.841,0.898,8,-7.135,1,0.104,0.271,0.0151,0.304,0.931,98.401,4,3
3kLChd6atCWKPz1WzufHQo,Monsters,Ben Platt,Honeymind,2024-05-31,240957,34,3kLChd6atCWKPz1WzufHQo,0.394,0.254,0,-9.398,1,0.0283,0.336,0.0,0.105,0.132,145.761,4,2
0STK94RxUulYqWzwFlyAb5,Sober,Demi Lovato,Sober,2018-06-21,197893,59,0STK94RxUulYqWzwFlyAb5,0.397,0.303,1,-10.413,1,0.11,0.798,4.16e-06,0.0824,0.17,170.22,3,2
6CoKNa67qyFJmLdSz4DOI8,Nathan (still breathing),Fred again..,Actual Life 3 (January 1 - September 9 2022),2022-10-28,163996,54,6CoKNa67qyFJmLdSz4DOI8,0.616,0.522,1,-8.544,1,0.0687,0.816,0.00249,0.219,0.165,97.977,4,0
0Lmbke3KNVFXtoH2mMSHCw,the boy is mine,Ariana Grande,eternal sunshine,2024-03-08,173639,84,0Lmbke3KNVFXtoH2mMSHCw,0.795,0.63,7,-5.854,0,0.0434,0.157,0.0,0.0732,0.447,97.998,4,1
4EhqimHdoK9OmCNvCfioH6,this is what slow dancing feels like,JVKE,this is what slow dancing feels like,2024-04-15,145735,64,4EhqimHdoK9OmCNvCfioH6,0.385,0.504,5,-3.204,0,0.034,0.296,0.00676,0.111,0.33,66.452,4,1
6lrYBcuR6Q1YWtSGFmJ48H,Shot My Baby,Daniel Caesar,NEVER ENOUGH (Bonus Version),2023-04-10,268221,53,6lrYBcuR6Q1YWtSGFmJ48H,0.495,0.65,8,-6.786,0,0.0397,0.0035,0.00891,0.195,0.184,84.956,4,1
4EWBhKf1fOFnyMtUzACXEc,Pluto Projector,Rex Orange County,Pony,2019-10-25,267520,74,4EWBhKf1fOFnyMtUzACXEc,0.379,0.219,5,-11.196,1,0.0307,0.707,0.000691,0.118,0.188,79.786,4,0
629DixmZGHc7ILtEntuiWE,LUNCH,Billie Eilish,HIT ME HARD AND SOFT,2024-05-17,179586,88,629DixmZGHc7ILtEntuiWE,0.893,0.4,11,-7.981,0,0.0643,0.0452,0.0823,0.0632,0.945,124.987,4,1
7BRD7x5pt8Lqa1eGYC4dzj,CHIHIRO,Billie Eilish,HIT ME HARD AND SOFT,2024-05-17,303440,89,7BRD7x5pt8Lqa1eGYC4dzj,0.7,0.425,7,-12.531,1,0.0529,0.144,0.879,0.083,0.521,110.015,4,5
6dOtVTDdiauQNBQEDOtlAB,BIRDS OF A FEATHER,Billie Eilish,HIT ME HARD AND SOFT,2024-05-17,210373,98,6dOtVTDdiauQNBQEDOtlAB,0.747,0.507,2,-10.171,1,0.0358,0.2,0.0608,0.117,0.438,104.978,4,3
3QaPy1KgI7nu9FJEQUgn6h,WILDFLOWER,Billie Eilish,HIT ME HARD AND SOFT,2024-05-17,261466,91,3QaPy1KgI7nu9FJEQUgn6h,0.467,0.247,6,-12.002,0,0.0431,0.612,0.000271,0.17,0.126,148.101,4,2
6TGd66r0nlPaYm3KIoI7ET,THE GREATEST,Billie Eilish,HIT ME HARD AND SOFT,2024-05-17,293840,82,6TGd66r0nlPaYm3KIoI7ET,0.407,0.192,7,-10.99,1,0.0368,0.637,3.33e-06,0.21,0.159,128.173,4,2
6fPan2saHdFaIHuTSatORv,L’AMOUR DE MA VIE,Billie Eilish,HIT ME HARD AND SOFT,2024-05-17,333986,84,6fPan2saHdFaIHuTSatORv,0.467,0.392,9,-9.355,1,0.0908,0.2,0.0174,0.106,0.313,145.104,4,2
1LLUoftvmTjVNBHZoQyveF,THE DINER,Billie Eilish,HIT ME HARD AND SOFT,2024-05-17,186346,80,1LLUoftvmTjVNBHZoQyveF,0.857,0.386,1,-9.761,1,0.168,0.243,0.0931,0.111,0.661,125.017,4,1
7DpUoxGSdlDHfqCYj0otzU,BITTERSUITE,Billie Eilish,HIT ME HARD AND SOFT,2024-05-17,298440,79,7DpUoxGSdlDHfqCYj0otzU,0.521,0.254,9,-14.409,0,0.0399,0.815,0.884,0.114,0.153,125.021,4,5
2prqm9sPLj10B4Wg0wE5x9,BLUE,Billie Eilish,HIT ME HARD AND SOFT,2024-05-17,343120,84,2prqm9sPLj10B4Wg0wE5x9,0.349,0.337,7,-10.671,1,0.0407,0.29,0.172,0.139,0.0365,142.01,4,2
4WUepByoeqcedHoYhSNHRt,Welcome To New York (Taylor's Version),Taylor Swift,1989 (Taylor's Version) [Deluxe],2023-10-27,212600,60,4WUepByoeqcedHoYhSNHRt,0.76,0.602,7,-4.871,1,0.0316,0.00661,0.000133,0.325,0.685,116.989,4,3
3Vpk1hfMAQme8VJ0SNRSkd,Style (Taylor's Version),Taylor Swift,1989 (Taylor's Version) [Deluxe],2023-10-27,231000,63,3Vpk1hfMAQme8VJ0SNRSkd,0.514,0.821,7,-4.803,1,0.0444,0.000456,0.0232,0.0946,0.298,94.884,4,3
1OcSfkeCg9hRC2sFKB4IMJ,Out Of The Woods (Taylor's Version),Taylor Swift,1989 (Taylor's Version) [Deluxe],2023-10-27,235800,61,1OcSfkeCg9hRC2sFKB4IMJ,0.544,0.884,7,-5.973,1,0.0383,0.000466,0.000134,0.381,0.184,91.981,4,3
2k0ZEeAqzvYMcx9Qt5aClQ,All You Had To Do Was Stay (Taylor's Version),Taylor Swift,1989 (Taylor's Version) [Deluxe],2023-10-27,193289,60,2k0ZEeAqzvYMcx9Qt5aClQ,0.589,0.713,0,-5.614,1,0.0308,0.000778,0.0,0.188,0.54,97.069,4,3
3FxJDucHWdw6caWTKO5b23,I Wish You Would (Taylor's Version),Taylor Swift,1989 (Taylor's Version) [Deluxe],2023-10-27,207650,59,3FxJDucHWdw6caWTKO5b23,0.671,0.853,0,-6.568,1,0.0417,0.00388,9.48e-06,0.0812,0.523,118.032,4,3
27exgla7YBw9DUNNcTIpjy,Wildest Dreams (Taylor's Version),Taylor Swift,1989 (Taylor's Version) [Deluxe],2023-10-27,220433,60,27exgla7YBw9DUNNcTIpjy,0.587,0.663,8,-7.439,1,0.0598,0.0348,9.95e-05,0.0971,0.539,139.993,4,3
733OhaXQIHY7BKtY3vnSkn,How You Get The Girl (Taylor's Version),Taylor Swift,1989 (Taylor's Version) [Deluxe],2023-10-27,247533,59,733OhaXQIHY7BKtY3vnSkn,0.761,0.67,5,-5.956,1,0.0537,0.00198,1.08e-05,0.0873,0.519,120.014,4,3
4WBEj8TeGtRPNJdOmT3WJW,This Love (Taylor’s Version),Taylor Swift,1989 (Taylor's Version) [Deluxe],2023-10-27,250100,58,4WBEj8TeGtRPNJdOmT3WJW,0.47,0.494,4,-8.672,1,0.0349,0.302,0.0,0.0672,0.0524,144.039,4,2
1ULabO0PEsdJekqVH6G10G,I Know Places (Taylor's Version),Taylor Swift,1989 (Taylor's Version) [Deluxe],2023-10-27,195700,59,1ULabO0PEsdJekqVH6G10G,0.572,0.807,0,-5.348,1,0.0574,0.0846,0.0,0.071,0.626,160.015,4,3
0lKUBmEyQfzsQHozyeXzES,Clean (Taylor's Version),Taylor Swift,1989 (Taylor's Version) [Deluxe],2023-10-27,271000,60,0lKUBmEyQfzsQHozyeXzES,0.782,0.379,4,-8.964,1,0.0303,0.297,2.98e-05,0.103,0.267,103.99,4,3
6HRsJu8vcnzYDN4t0570FY,Wonderland (Taylor's Version),Taylor Swift,1989 (Taylor's Version) [Deluxe],2023-10-27,245566,59,6HRsJu8vcnzYDN4t0570FY,0.387,0.703,3,-5.956,1,0.0545,0.0105,1.1e-05,0.128,0.32,123.18,5,3
5M787RexsAiVYjQusM98CV,New Romantics (Taylor's Version),Taylor Swift,1989 (Taylor's Version) [Deluxe],2023-10-27,230177,61,5M787RexsAiVYjQusM98CV,0.653,0.848,5,-5.936,1,0.0583,0.00516,4.24e-06,0.0798,0.724,122.017,4,3
5QUIK7ZtziW8kGWo8RqopF,Now That We Don't Talk (Taylor's Version) (From The Vault),Taylor Swift,1989 (Taylor's Version) [Deluxe],2023-10-27,146436,63,5QUIK7ZtziW8kGWo8RqopF,0.8,0.509,0,-9.386,1,0.034,0.16,3.05e-05,0.0834,0.0768,109.994,4,3
6IG3sQ8s9nfk6TUlVzRhbN,Is It Over Now? (Taylor's Version) (From The Vault),Taylor Swift,1989 (Taylor's Version) [Deluxe],2023-10-27,229477,64,6IG3sQ8s9nfk6TUlVzRhbN,0.599,0.651,0,-7.343,1,0.035,0.0486,0.0,0.126,0.153,100.001,4,3
7G0gBu6nLdhFDPRLc0HdDG,Mine (Taylor's Version),Taylor Swift,Speak Now (Taylor's Version),2023-07-07,231706,72,7G0gBu6nLdhFDPRLc0HdDG,0.647,0.793,7,-2.903,1,0.0363,0.00314,1.93e-06,0.174,0.5,121.101,4,3
3MytWN8L7shNYzGl4tAKRp,Sparks Fly (Taylor’s Version),Taylor Swift,Speak Now (Taylor's Version),2023-07-07,261230,69,3MytWN8L7shNYzGl4tAKRp,0.605,0.769,5,-2.413,1,0.032,0.0241,0.0,0.0936,0.366,114.921,4,3
79uDOz0zuuWS7HWxzMmTa2,Back To December (Taylor's Version),Taylor Swift,Speak Now (Taylor's Version),2023-07-07,294189,72,79uDOz0zuuWS7HWxzMmTa2,0.486,0.635,2,-3.994,1,0.0278,0.00705,0.0,0.119,0.235,141.868,4,3
5xXqyjLicvEpch72qEryFT,Speak Now (Taylor's Version),Taylor Swift,Speak Now (Taylor's Version),2023-07-07,242473,67,5xXqyjLicvEpch72qEryFT,0.734,0.686,7,-2.926,1,0.0349,0.225,0.0,0.136,0.598,119.002,4,3
1zU8j1x3yi9xalMF96pzKp,Dear John (Taylor's Version),Taylor Swift,Speak Now (Taylor's Version),2023-07-07,405906,67,1zU8j1x3yi9xalMF96pzKp,0.379,0.468,4,-5.07,1,0.0298,0.0327,0.0,0.158,0.115,119.447,3,2
3sW3oSbzsfecv9XoUdGs7h,Enchanted (Taylor's Version),Taylor Swift,Speak Now (Taylor's Version),2023-07-07,353253,77,3sW3oSbzsfecv9XoUdGs7h,0.52,0.553,8,-3.546,1,0.0269,0.016,0.0,0.165,0.227,81.949,4,3
0A1JLUlkZkp2EFrosoNQi0,Labyrinth,Taylor Swift,Midnights,2022-10-21,247962,69,0A1JLUlkZkp2EFrosoNQi0,0.48,0.295,0,-15.512,1,0.0384,0.797,0.333,0.12,0.132,110.018,4,0
3NLnwwAQbbFKcEcV8hDItk,Perfect,One Direction,Made In The A.M. - Deluxe Edition,2015-11-13,230333,80,3NLnwwAQbbFKcEcV8hDItk,0.648,0.822,11,-5.231,0,0.0749,0.0598,0.0,0.119,0.397,99.933,4,1
6N5xh0tYYLTQRiCCaNbAUt,Infinity,One Direction,Made In The A.M. - Deluxe Edition,2015-11-13,249480,61,6N5xh0tYYLTQRiCCaNbAUt,0.536,0.707,4,-6.076,1,0.0336,0.0697,0.0,0.0842,0.321,131.962,4,3
5AezhHjX3R1bmxcAEgrFpS,End of the Day,One Direction,Made In The A.M. - Deluxe Edition,2015-11-13,194973,59,5AezhHjX3R1bmxcAEgrFpS,0.502,0.594,11,-5.031,1,0.0365,0.0256,0.0,0.0834,0.349,153.692,5,3
5CRVwXGikmqzoRO6q7FeAg,If I Could Fly,One Direction,Made In The A.M. - Deluxe Edition,2015-11-13,230320,63,5CRVwXGikmqzoRO6q7FeAg,0.565,0.245,5,-9.132,1,0.0262,0.781,0.0,0.0998,0.307,75.055,4,0
2UFOh8iMQ2DON7sl3lqGJH,Long Way Down,One Direction,Made In The A.M. - Deluxe Edition,2015-11-13,192160,55,2UFOh8iMQ2DON7sl3lqGJH,0.634,0.565,0,-5.179,1,0.0242,0.0773,2.12e-05,0.168,0.541,145.001,4,3
608R6FvRtAqf2dvgKMzebP,I Want to Write You a Song,One Direction,Made In The A.M. - Deluxe Edition,2015-11-13,179013,56,608R6FvRtAqf2dvgKMzebP,0.714,0.443,5,-7.638,1,0.0256,0.779,0.000109,0.144,0.463,106.04,4,0
0HMjXBAZmSYOTTi33WpMso,History,One Direction,Made In The A.M. - Deluxe Edition,2015-11-13,187426,69,0HMjXBAZmSYOTTi33WpMso,0.655,0.697,11,-4.421,1,0.0493,0.0359,0.0,0.0646,0.802,86.704,4,3
6Vh03bkEfXqekWp7Y1UBRb,Live While We're Young,One Direction,Take Me Home (Expanded Edition),2012-11-12,200213,70,6Vh03bkEfXqekWp7Y1UBRb,0.663,0.857,2,-2.16,1,0.0544,0.0542,0.0,0.144,0.931,126.039,4,3
4My8w8AA1JpG6E5SiAPvJL,Kiss You,One Direction,Take Me Home (Expanded Edition),2012-11-12,182866,70,4My8w8AA1JpG6E5SiAPvJL,0.637,0.93,4,-2.632,1,0.0511,0.0177,0.0,0.452,0.886,90.014,4,3
0TAmnCzOtqRfvA38DDLTjj,Little Things,One Direction,Take Me Home (Expanded Edition),2012-11-12,219040,70,0TAmnCzOtqRfvA38DDLTjj,0.709,0.22,7,-11.856,1,0.0327,0.811,0.0,0.175,0.53,110.076,4,0
0KqlLyIGuBZWqzNwP9rypc,Last First Kiss,One Direction,Take Me Home (Expanded Edition),2012-11-12,203546,60,0KqlLyIGuBZWqzNwP9rypc,0.538,0.819,4,-2.662,1,0.0435,0.0445,0.0,0.215,0.478,82.085,4,3
02O8hDaIJPEUHh9XEj0u76,Back For You,One Direction,Take Me Home (Expanded Edition),2012-11-12,178440,53,02O8hDaIJPEUHh9XEj0u76,0.569,0.911,2,-2.705,1,0.0772,0.0194,0.0,0.0925,0.51,160.054,4,3
41PiyIwNrzoLn598y2glGY,Save You Tonight,One Direction,Up All Night,2012-05-25,205920,52,41PiyIwNrzoLn598y2glGY,0.602,0.871,2,-4.208,0,0.0622,0.00528,0.0,0.288,0.495,128.057,4,1
5fEql5cR2hjR6wPGUPiEEb,Na Na Na,One Direction,Up All Night,2012-05-25,185653,54,5fEql5cR2hjR6wPGUPiEEb,0.582,0.903,11,-2.155,1,0.0576,0.0191,0.0,0.374,0.639,144.973,4,3
3t85LNwaXR96o6el8CV99C,Intro,Benson Boone,Fireworks & Rollerblades,2024-04-05,62287,39,3t85LNwaXR96o6el8CV99C,0.346,0.228,9,-9.709,1,0.0362,0.868,0.0,0.188,0.224,59.722,4,0
5LLYU3mbGuTgc78V8tdh9B,Be Someone,Benson Boone,Fireworks & Rollerblades,2024-04-05,224862,40,5LLYU3mbGuTgc78V8tdh9B,0.679,0.819,9,-4.577,1,0.0426,0.00822,0.0,0.0754,0.615,135.031,4,3
66uhlklxdGRFlUftJf8JFc,Slow It Down,Benson Boone,Fireworks & Rollerblades,2024-04-05,161831,40,66uhlklxdGRFlUftJf8JFc,0.432,0.583,8,-4.682,1,0.0687,0.174,0.0,0.0933,0.544,181.489,4,3
3OD3UsYexvqEH6UHEFHrZu,Beautiful Things,Benson Boone,Fireworks & Rollerblades,2024-04-05,180304,39,3OD3UsYexvqEH6UHEFHrZu,0.467,0.471,10,-5.692,1,0.0701,0.151,0.0,0.14,0.222,105.09,3,0
5rEENZmbGQXMVy1Svt9Q2x,Cry,Benson Boone,Fireworks & Rollerblades,2024-04-05,186359,40,5rEENZmbGQXMVy1Svt9Q2x,0.71,0.48,10,-5.251,1,0.0364,0.104,1.55e-05,0.0894,0.352,107.948,4,3
49HIwnGgaZ6TPrVkGlV9zp,Forever and a Day,Benson Boone,Fireworks & Rollerblades,2024-04-05,225234,39,49HIwnGgaZ6TPrVkGlV9zp,0.436,0.467,6,-6.656,1,0.0461,0.081,0.0,0.151,0.301,80.053,4,0
2XmUYeqNpGcjFE7DhUWDw5,In The Stars,Benson Boone,Fireworks & Rollerblades,2024-04-05,216410,38,2XmUYeqNpGcjFE7DhUWDw5,0.362,0.54,10,-6.031,1,0.0528,0.338,0.0,0.139,0.3,78.007,3,0
0UsP6myH78yMjlWAOyPcMa,305,Shawn Mendes,Wonder (Deluxe),2020-12-07,189072,41,0UsP6myH78yMjlWAOyPcMa,0.564,0.866,6,-5.575,1,0.0604,0.195,0.0352,0.118,0.939,164.935,4,3
3wNNbf63xkxw9rIVWtFy7a,Stand Up (From Harriet),Cynthia Erivo,Stand Up (From Harriet),2019-10-25,303477,64,3wNNbf63xkxw9rIVWtFy7a,0.616,0.32,0,-10.194,1,0.0311,0.268,0.0,0.11,0.177,80.02,4,2
4fFqFgMDP9lY8tqEoArFGq,Judah Smith Interlude,Lana Del Rey,Did you know that there's a tunnel under Ocean Blvd,2023-03-24,276757,52,4fFqFgMDP9lY8tqEoArFGq,0.474,0.324,9,-10.411,1,0.077,0.962,4.88e-05,0.231,0.335,119.458,3,2
5nW4z3pfZgJAJ2QTCz9AIE,A&W,Lana Del Rey,Did you know that there's a tunnel under Ocean Blvd,2023-03-24,433916,68,5nW4z3pfZgJAJ2QTCz9AIE,0.429,0.239,10,-14.696,1,0.11,0.632,0.389,0.116,0.137,157.112,4,2
5kK1Iru9ogP3Iy1zsANU1n,The Power of Love,Céline Dion,The Colour Of My Love,1993-11-09,342400,71,5kK1Iru9ogP3Iy1zsANU1n,0.546,0.519,8,-9.072,1,0.0291,0.36,0.00046,0.24,0.247,140.054,4,2
1daDRI9ahBonbWD8YcxOIB,Angels Like You,Miley Cyrus,Plastic Hearts,2020-11-27,196453,81,1daDRI9ahBonbWD8YcxOIB,0.672,0.642,5,-4.035,1,0.0313,0.0981,0.0,0.1,0.494,121.981,4,3
35Dofxo9smHVxmFQbhYIAT,Stereo Love,Edward Maya,Stereo Love,2010-02-02,247614,1,35Dofxo9smHVxmFQbhYIAT,0.778,0.776,9,-5.359,1,0.0362,0.0338,0.0216,0.0772,0.361,127.049,4,3
6WzuONb7HfNLr3fjtCVFCm,Fantasy,Mariah Carey,Free Guy (Music from the Motion Picture),2021-08-11,243880,0,6WzuONb7HfNLr3fjtCVFCm,0.636,0.801,7,-5.273,1,0.0435,0.0992,0.0,0.101,0.705,102.349,4,3
6wf7Yu7cxBSPrRlWeSeK0Q,"What Was I Made For? [From The Motion Picture ""Barbie""]",Billie Eilish,"What Was I Made For? [From The Motion Picture ""Barbie""]",2023-07-13,222369,86,6wf7Yu7cxBSPrRlWeSeK0Q,0.391,0.084,0,-17.843,1,0.0317,0.953,0.0,0.0983,0.111,79.449,4,0
1kRGTor0WEKB90LWOTIxfR,I Know Where I've Been,Jennifer Hudson,Hairspray LIVE! Original Soundtrack of the NBC Television Event,2016-12-02,242720,29,1kRGTor0WEKB90LWOTIxfR,0.309,0.52,10,-5.595,1,0.0377,0.672,0.0,0.165,0.297,179.481,3,2
